NEKKI,https://play.google.com/store/apps/developer?id=NEKKI
DreamSky,https://play.google.com/store/apps/developer?id=DreamSky
gameloft,https://play.google.com/store/apps/dev?id=6258770168633898802
Super Evil Megacorp,https://play.google.com/store/apps/developer?id=Super+Evil+Megacorp
Electronic Arts Inc,https://play.google.com/store/apps/dev?id=6605125519975771237
Electronic Arts,https://play.google.com/store/apps/dev?id=4826430855807055421
11 bit studios,https://play.google.com/store/apps/developer?id=11+bit+studios
General Adaptive Apps Pty Ltd,https://play.google.com/store/apps/developer?id=General+Adaptive+Apps+Pty+Ltd
glu,https://play.google.com/store/apps/dev?id=8633921029894576093
Rockstar Games,https://play.google.com/store/apps/dev?id=7086639890153802127
Ubisoft Entertainment,https://play.google.com/store/apps/developer?id=Ubisoft+Entertainment
FINCON,https://play.google.com/store/apps/dev?id=5136088014364111159
Blizzard Entertainment Inc.,https://play.google.com/store/apps/developer?id=Blizzard+Entertainment,+Inc.
Activision Publishing Inc.,https://play.google.com/store/apps/developer?id=Activision+Publishing,+Inc.
Future Games of London,https://play.google.com/store/apps/developer?id=Future+Games+of+London
2K Games Inc.,https://play.google.com/store/apps/developer?id=2K+Games,+Inc.
Hitcents,https://play.google.com/store/apps/developer?id=Hitcents
Triniti Interactive Studios Limited,https://play.google.com/store/apps/developer?id=Triniti+Interactive+Studios+Limited
Triniti Interactive Ltd.,https://play.google.com/store/apps/developer?id=Triniti+Interactive+Ltd.
YMC Games,https://play.google.com/store/apps/developer?id=YMC+Games
天下網遊,https://play.google.com/store/apps/dev?id=7061793672440066856
ustwo,https://play.google.com/store/apps/developer?id=ustwo
Cyclops Games,https://play.google.com/store/apps/developer?id=Cyclops+Games
Mojang,https://play.google.com/store/apps/developer?id=Mojang
505 Games Srl,https://play.google.com/store/apps/developer?id=505+Games+Srl
Miniclip.com,https://play.google.com/store/apps/dev?id=5933611429942957630
Invictus Games Ltd.,https://play.google.com/store/apps/developer?id=Invictus+Games+Ltd.
Ironhide Game Studio,https://play.google.com/store/apps/dev?id=6098018911218203911
Rayark International Limited,https://play.google.com/store/apps/developer?id=Rayark+International+Limited
Kiloo,https://play.google.com/store/apps/developer?id=Kiloo
ZeptoLab,https://play.google.com/store/apps/developer?id=ZeptoLab
Supercell,https://play.google.com/store/apps/dev?id=6715068722362591614
MADFINGER Games,https://play.google.com/store/apps/dev?id=7951118518332869031
ANKAMA GAMES,https://play.google.com/store/apps/developer?id=ANKAMA+GAMES
Fingersoft,https://play.google.com/store/apps/developer?id=Fingersoft
ULLUCUSHEAVEN Inc.,https://play.google.com/store/apps/developer?id=ULLUCUSHEAVEN+Inc.
Ratrod Studio Inc.,https://play.google.com/store/apps/developer?id=Ratrod+Studio+Inc.
Marti Wong,https://play.google.com/store/apps/developer?id=Marti+Wong
Noble Empire,https://play.google.com/store/apps/developer?id=Noble+Empire
Halfbrick Studios,https://play.google.com/store/apps/dev?id=6762212273028554913
DotEmu,https://play.google.com/store/apps/dev?id=5507025021813359851
JOYCITY Corp.,https://play.google.com/store/apps/dev?id=8017603995115202893
Human Head Studios,https://play.google.com/store/apps/developer?id=Human+Head+Studios
SQUARE ENIX Co.Ltd.,https://play.google.com/store/apps/dev?id=8026010256970589886
Atypical Games,https://play.google.com/store/apps/developer?id=Atypical+Games
General Adaptive Apps Pty Ltd,https://play.google.com/store/apps/developer?id=General+Adaptive+Apps+Pty+Ltd
KONAMI,https://play.google.com/store/apps/developer?id=KONAMI
Coffee Stain Studios,https://play.google.com/store/apps/developer?id=Coffee+Stain+Studios
Terasurware,https://play.google.com/store/apps/developer?id=Terasurware
EasyTech,https://play.google.com/store/apps/developer?id=EasyTech
Coco Entertainment International,https://play.google.com/store/apps/developer?id=Coco+Entertainment+International
NaturalMotionGames Ltd,https://play.google.com/store/apps/developer?id=NaturalMotionGames+Ltd
Disney,https://play.google.com/store/apps/developer?id=Disney
Outfit7,https://play.google.com/store/apps/developer?id=Outfit7
Warner Bros. International Enterprises,https://play.google.com/store/apps/developer?id=Warner+Bros.+International+Enterprises
Tuesday Quest,https://play.google.com/store/apps/developer?id=Tuesday+Quest
Playdead,https://play.google.com/store/apps/developer?id=Playdead
Qcplay Inc.,https://play.google.com/store/apps/developer?id=Qcplay+Inc.
Mika Mobile,https://play.google.com/store/apps/developer?id=Mika+Mobile
Turbo GT Racing Games,https://play.google.com/store/apps/developer?id=Turbo+GT+Racing+Games
CryGameStudio,https://play.google.com/store/apps/developer?id=CryGameStudio
BulkyPix,https://play.google.com/store/apps/developer?id=BulkyPix
Rovio Entertainment Ltd.,https://play.google.com/store/apps/dev?id=9133452689932095671
CHILLINGO,https://play.google.com/store/apps/developer?id=CHILLINGO
astragon Software GmbH,https://play.google.com/store/apps/developer?id=astragon+Software+GmbH
Foursaken Media ,https://play.google.com/store/apps/developer?id=Foursaken+Media
 Triniti Interactive Studios Limited ,https://play.google.com/store/apps/developer?id=Triniti+Interactive+Studios+Limited
The LEGO Group ,https://play.google.com/store/apps/developer?id=The+LEGO+Group
MultiCraft LLC ,https://play.google.com/store/apps/developer?id=MultiCraft+LLC
JOYNOWSTUDIO,https://play.google.com/store/apps/developer?id=JOYNOWSTUDIO
CAPCOM TAIWAN ,https://play.google.com/store/apps/developer?id=CAPCOM+TAIWAN
Kabam,https://play.google.com/store/apps/dev?id=9199344989204994692
D Hearts Vietnam co. Ltd ,https://play.google.com/store/apps/developer?id=D+Hearts+Vietnam+co.,+Ltd
SNK PLAYMORE,https://play.google.com/store/apps/dev?id=5156685669113307397
SOFTSTAR ENTERTAINMENT INC.,https://play.google.com/store/apps/developer?id=SOFTSTAR+ENTERTAINMENT+INC.
PIKPOK,https://play.google.com/store/apps/developer?id=PIKPOK
TwoRobotsStudio,https://play.google.com/store/apps/developer?id=TwoRobotsStudio
FunKey Games,https://play.google.com/store/apps/developer?id=FunKey+Games
Rebel Twins,https://play.google.com/store/apps/developer?id=Rebel+Twins
Com2uS,https://play.google.com/store/apps/dev?id=6850516909323484758
Com2uS USA,https://play.google.com/store/apps/dev?id=5374431039651315752
NVIDIA SHIELD Partners,https://play.google.com/store/apps/developer?id=NVIDIA+SHIELD+Partners
Hutch Games,https://play.google.com/store/apps/developer?id=Hutch+Games
idris Celik,https://play.google.com/store/apps/developer?id=idris+Celik
LowCostApp,https://play.google.com/store/apps/developer?id=LowCostApp
Vivid Games S.A.,https://play.google.com/store/apps/dev?id=6946784258980756144
Tapstar Interactive Inc.,https://play.google.com/store/apps/developer?id=Tapstar+Interactive+Inc.
BLUE GNC Inc.,https://play.google.com/store/apps/developer?id=BLUE+GNC+Inc.
Blue Orca Studios,https://play.google.com/store/apps/developer?id=Blue+Orca+Studios
NHN Entertainment Corp.,https://play.google.com/store/apps/dev?id=9081645972946213311
JOYCITY Corp.,https://play.google.com/store/apps/dev?id=8017603995115202893
Freyr Games,https://play.google.com/store/apps/developer?id=Freyr+Games
GAMEVIL,https://play.google.com/store/apps/dev?id=8817065164862761736
GAMEVIL Inc.,https://play.google.com/store/apps/dev?id=8370361226290054499
Amanita Design,https://play.google.com/store/apps/dev?id=7745268094426388671
Playtap Games LLC,https://play.google.com/store/apps/developer?id=Playtap+Games,+LLC
BeautiFun Games,https://play.google.com/store/apps/developer?id=BeautiFun+Games
Candy Rufus Games,https://play.google.com/store/apps/developer?id=Candy+Rufus+Games
F84 Games,https://play.google.com/store/apps/developer?id=F84+Games
G5 Entertainment,https://play.google.com/store/apps/developer?id=G5+Entertainment
Mass Creation,https://play.google.com/store/apps/developer?id=Mass+Creation
MANA CREATIVE,https://play.google.com/store/apps/developer?id=MANA+CREATIVE
Lucid Games Limited,https://play.google.com/store/apps/developer?id=Lucid+Games+Limited
Imangi Studios,https://play.google.com/store/apps/developer?id=Imangi+Studios
Forever Entertainment,https://play.google.com/store/apps/developer?id=Forever+Entertainment
Hexage Ltd,https://play.google.com/store/apps/dev?id=5846405876444943676
BANDAI NAMCO Entertainment America Inc.,https://play.google.com/store/apps/dev?id=7242995029088679351
Phoenix Online Studios LLC,https://play.google.com/store/apps/developer?id=Phoenix+Online+Studios+LLC
Orbital Nine,https://play.google.com/store/apps/developer?id=Orbital+Nine
Pigfrog Entertainment,https://play.google.com/store/apps/dev?id=4629689518087679815
Starship Studio,https://play.google.com/store/apps/developer?id=Starship+Studio
Digital Tales S.r.l.,https://play.google.com/store/apps/developer?id=Digital+Tales+S.r.l.
Coco Entertainment International,https://play.google.com/store/apps/developer?id=Coco+Entertainment+International
Scott Cawthon,https://play.google.com/store/apps/developer?id=Scott+Cawthon
MildMania,https://play.google.com/store/apps/developer?id=MildMania
The Binary Mill,https://play.google.com/store/apps/developer?id=The+Binary+Mill
Defiant Development,https://play.google.com/store/apps/developer?id=Defiant+Development
Frima Studio Inc.,https://play.google.com/store/apps/developer?id=Frima+Studio+Inc.
Nival,https://play.google.com/store/apps/developer?id=Nival
NimbleBit LLC,https://play.google.com/store/apps/developer?id=NimbleBit+LLC
Crescent Moon Games,https://play.google.com/store/apps/developer?id=Crescent+Moon+Games
BANDAI NAMCO Entertainment Inc.,https://play.google.com/store/apps/developer?id=BANDAI+NAMCO+Entertainment+Inc.
Mobigame S.A.R.L.,https://play.google.com/store/apps/developer?id=Mobigame+S.A.R.L.
Pocket Parade,https://play.google.com/store/apps/developer?id=Pocket+Parade
Kongregate,https://play.google.com/store/apps/developer?id=Kongregate
Infinite Dreams,https://play.google.com/store/apps/developer?id=Infinite+Dreams
